,index,sch_id,sch_link,reltype,useAtSch,wd_id,wd_link,wd_label,wd_stability,Endorse,Disagree,Doubt,comments,EndorsedAction,Unnamed: 13
0,1,AccountingService,LINK,equivClass,,Q23671509,LINK,accounting services,medium,"ppkrauss, diegomoussallem, gcpdev,joraojr, marcelomachado",,,no-Wikipedia entry,,
1,2,Action,LINK,equivClass,,Q4026292,LINK,action,medium,"diegomoussallem,gcpdev, marcelomachado,joraojr",,ppkrauss,"WD use the philosophyc concept, SC is pragmatic. PS: portuguese version is wrong... Suggestion, you can edit Wikidata!",,
2,5,AdministrativeArea,LINK,equivClass,,Q3455524,LINK,administrative region,low,"diegomoussallem, gcpdev, joraojr, marcelomachado",,"ppkrauss,","non-popular, cause ambiguities",,
3,6,AdministrativeArea,LINK,equivClass,,Q56061,LINK,administrative territorial entity,high,"ppkrauss,gcpdev,marcelomachado, diegomoussallem",,joraojr,"popular in both, same use, https://en.wikipedia.org/wiki/Administrative_division",,
4,8,Airline,LINK,equivClass,,Q46970,LINK,airline,high,"diegomoussallem, marcelomachado,joraojr,gcpdev",,,,,
5,9,Airport,LINK,equivClass,,Q1248784,LINK,airport,high,"ppkrauss,marcelomachado, diegomoussallem,gcpdev,joraojr",,,,,
6,10,AmusementPark,LINK,equivClass,,Q194195,LINK,amusement park,,"marcelomachado, gcpdev, diegomoussallem,joraojr",,,,,
7,11,AnatomicalStructure,LINK,equivClass,,Q4936952,LINK,anatomical structure,,,,marcelomachado,AnatomicalStructure is not in the schema.org core vocabulary. ALERT: not in the core.,,
8,12,AnimalShelter,LINK,equivClass,,Q1411287,LINK,animal shelter,,,,joraojr,SC: No description,,
9,13,Answer,LINK,equivClass,yes,Q1920566,LINK,answer,,joraojr,,,,USE,
10,15,Apartment,LINK,equivClass,,Q188507,LINK,apartment,,joraojr,,,,,
11,17,Aquarium,LINK,equivClass,,Q2281788,LINK,public aquarium,,,,joraojr,SC: No description,,
12,18,Artery,LINK,equivClass,,Q9655,LINK,artery,,,,joraojr,is not in the schema.org core vocabulary,,
13,20,ArtGallery,LINK,equivClass,,Q1007870,LINK,art gallery,medium,"marcelomachado, gcpdev",,,,,
14,21,Article,LINK,equivClass,,Q191067,LINK,article,high,"marcelomachado, gcpdev",,,,,
15,23,Atlas,LINK,equivClass,,Q162827,LINK,atlas,high,,,,Atlas is not in the schema.org core vocabulary,,
16,24,Attorney,LINK,equivClass,,Q40348,LINK,lawyer,high,,gcpdev,marcelomachado,SC: This type is deprecated - LegalService is more inclusive and less ambiguous.,,
17,25,Audience,LINK,equivClass,,Q211198,LINK,audience,high,,gcpdev,marcelomachado,WD Audience seems to be more comprehensive than SC audience i.e. WD audience is sub of SC,,
18,30,Audiobook,LINK,equivClass,,Q106833,LINK,audiobook,,,,,,,
19,31,AudioObject,LINK,equivClass,,Q26987229,LINK,audio file,low,"diegomoussallem, marcelomachado, gcpdev",,,,,
20,34,AutoBodyShop,LINK,equivClass,,Q27003353,LINK,auto body shop,low,"diegomoussallem, marcelomachado, gcpdev",,,,,
21,35,AutomatedTeller,LINK,equivClass,,Q81235,LINK,automated teller machine,medium,"diegomoussallem, marcelomachado, gcpdev",,,,,
22,36,AutoRental,LINK,equivClass,,Q291240,LINK,car rental,high,"diegomoussallem, marcelomachado, gcpdev",,,,,
23,39,Bakery,LINK,equivClass,,Q274393,LINK,bakery,high,"diegomoussallem, marcelomachado, gcpdev",,,,,
26,42,Barcode,LINK,equivClass,,Q856,LINK,barcode,high,"gcpdev, marcelomachado",,,,,
27,43,BarOrPub,LINK,equivClass,,Q187456,LINK,bar,high,"gcpdev, marcelomachado",,,,,
28,44,BarOrPub,LINK,equivClass,,Q212198,LINK,pub,high,"gcpdev, marcelomachado",,,,,
29,45,Beach,LINK,equivClass,,Q40080,LINK,beach,high,"gcpdev, marcelomachado",,,,,
30,46,BeautySalon,LINK,equivClass,,Q1195245,LINK,beauty salon,medium,"gcpdev, marcelomachado",,,,,
31,47,BedAndBreakfast,LINK,equivClass,,Q367914,LINK,bed and breakfast,high,"gcpdev, valexiev, marcelomachado",,,,,
32,50,Blog,LINK,equivClass,,Q30849,LINK,blog,,joraojr,,,SC: No description,,
33,51,BlogPosting,LINK,equivClass,,Q17928402,LINK,blog post,,joraojr,,,SC: No description,,
34,52,BloodTest,LINK,equivClass,,Q886837,LINK,blood test,,,,,is not in the schema.org core vocabulary,,
35,53,BodyOfWater,LINK,equivClass,,Q15324,LINK,body of water,,joraojr,,,,,
36,54,Bone,LINK,equivClass,,Q265868,LINK,bone,,,,,is not in the schema.org core vocabulary,,
37,55,Book,LINK,equivClass,,Q571,LINK,book,,joraojr,,,SC: No description,,
38,57,BookSeries,LINK,equivClass,,Q277759,LINK,book series,,joraojr,,,,,
39,58,BookStore,LINK,equivClass,,Q200764,LINK,bookstore,,,,joraojr,SC: No description,,
40,59,Boolean,LINK,equivClass,,Q520777,LINK,Boolean data type,,joraojr,,,SC:Very specific,,
41,60,BowlingAlley,LINK,equivClass,,Q27106471,LINK,bowling alley,,,,joraojr,SC: No description,,
42,62,Brand,LINK,equivClass,,Q431289,LINK,brand,,joraojr,,,,,
43,64,Brewery,LINK,equivClass,,Q131734,LINK,brewery,,joraojr,,,SC: No description,,
44,65,Bridge,LINK,equivClass,,Q12280,LINK,bridge,,valexiev,,joraojr,SC: No description,,
45,67,BuddhistTemple,LINK,equivClass,,Q5393308,LINK,Buddhist temple,,valexiev,,joraojr,SC: No description,,
46,68,BusOrCoach,LINK,equivClass,,Q5638,LINK,bus,,,,,is not in the schema.org core vocabulary,,
47,69,BusStation,LINK,equivClass,,Q494829,LINK,bus station,,valexiev,,joraojr,SC: No description,,
48,70,BusStop,LINK,equivClass,,Q953806,LINK,bus stop,,valexiev,,,,,
49,72,CafeOrCoffeeShop,LINK,equivClass,,Q30022,LINK,cafe,,valexiev,,,,,
50,73,Campground,LINK,equivClass,,Q27108230,LINK,campground,,valexiev,,,,,
51,74,CampingPitch,LINK,equivClass,,Q832778,LINK,campsite,,valexiev,,,,,
52,75,Canal,LINK,equivClass,,Q12284,LINK,canal,,valexiev,,,,,
53,76,Car,LINK,equivClass,,Q1144312,LINK,car,,diegomoussallem,,,,,
54,77,Casino,LINK,equivClass,,Q133215,LINK,casino,,diegomoussallem,,,,,
55,78,CatholicChurch,LINK,equivClass,,Q1088552,LINK,Catholic church,,diegomoussallem,,,,,
56,79,Cemetery,LINK,equivClass,,Q39614,LINK,cemetery,,diegomoussallem,,,,,
57,80,Chapter,LINK,equivClass,,Q1980247,LINK,chapter,,diegomoussallem,,,,,
58,82,ChildCare,LINK,equivClass,,Q27008444,LINK,Childcare center,,diegomoussallem,,,,,
59,84,Church,LINK,equivClass,,Q16970,LINK,church,,,,diegomoussallem,too restrict to christianism ,,
60,86,City,LINK,equivClass,,Q515,LINK,city,,diegomoussallem,,,,,
61,87,CityHall,LINK,equivClass,,Q543654,LINK,seat of local government,,diegomoussallem,,,,,
62,89,Collection,LINK,equivClass,,Q2668072,LINK,collection,,,diegomoussallem,,description does not match,,
65,94,ComedyClub,LINK,equivClass,,Q2814066,LINK,comedy club,,diegomoussallem,,,,,
66,95,ComicSeries,LINK,equivClass,,Q14406742,LINK,comic book series,,diegomoussallem,,,,,
67,96,ComicStory,LINK,equivClass,,Q1004,LINK,comic,,diegomoussallem,,,,,
68,98,Comment,LINK,equivClass,,Q1141067,LINK,comment,,,ppkrauss,diegomoussallem,too restrictive in terms of computer program in WD ,DELETE and try Q857525,
69,99,CommunityHealth,LINK,equivClass,,Q3473024,LINK,Community health,,diegomoussallem,,,,,
70,103,ComputerLanguage,LINK,equivClass,,Q629206,LINK,computer language,,diegomoussallem,,,,,
71,104,ContactPoint,LINK,equivClass,,Q30322502,LINK,contact point,,diegomoussallem,,,,,
72,107,Continent,LINK,equivClass,,Q5107,LINK,continent,,diegomoussallem,,,,,
73,110,Conversation,LINK,equivClass,,Q52943,LINK,conversation,,diegomoussallem,,,,,
74,112,Corporation,LINK,equivClass,,Q4830453,LINK,business enterprise,,diegomoussallem,,,,,
75,113,Country,LINK,equivClass,,Q6256,LINK,country of origin,,diegomoussallem,,,,,
76,115,Course,LINK,equivClass,,Q600134,LINK,course,,diegomoussallem,,,,,
77,116,Courthouse,LINK,equivClass,,Q1137809,LINK,courthouse,,diegomoussallem,,,,,
78,117,CreativeWork,LINK,equivClass,,Q17537576,LINK,creative work,,diegomoussallem,,,,,
79,118,CreativeWorkSeries,LINK,equivClass,,Q7725310,LINK,series of creative works,,,,diegomoussallem,schema provides a deep explanation and also says that the creativeWorks may differ their kinds while WD says similar objects,,
80,120,CreditCard,LINK,equivClass,,Q161380,LINK,credit card,,diegomoussallem,,,,,
81,121,Crematorium,LINK,equivClass,,Q157570,LINK,crematory,,diegomoussallem,,,,,
82,122,DanceGroup,LINK,equivClass,,Q2393314,LINK,dance troupe,,diegomoussallem,,,,,
83,123,DataFeed,LINK,equivClass,,Q5227292,LINK,Data feed,,,,diegomoussallem,"WD does not contain reasonable information, but maybe it suits because of its Wikipedia page.",,
84,124,Dataset,LINK,equivClass,,Q1172284,LINK,data set,,diegomoussallem,,,,,
85,125,Date,LINK,equivClass,,Q3016931,LINK,date,,diegomoussallem,,,,,
86,128,DayOfWeek,LINK,equivClass,,Q41825,LINK,day of the week,,diegomoussallem,,,,,
87,130,DaySpa,LINK,equivClass,,Q11290050,LINK,day spa,,diegomoussallem,,,,,
88,133,DefenceEstablishment,LINK,equivClass,,Q18691599,LINK,military facility,,diegomoussallem,,,,,
89,134,Demand,LINK,equivClass,,Q4402708,LINK,demand,,,diegomoussallem,,different descriptions,,
90,136,Dermatology,LINK,equivClass,,Q171171,LINK,dermatology,,diegomoussallem,,,,,
91,137,DiagnosticProcedure,LINK,equivClass,,Q177719,LINK,diagnostic procedure,,diegomoussallem,,,,,
92,138,Diet,LINK,equivClass,,Q26869695,LINK,Diet,,diegomoussallem,,,,,
93,139,DietarySupplement,LINK,equivClass,,Q645858,LINK,dietary supplement,,diegomoussallem,,,,,
94,142,Distance,LINK,equivClass,,Q126017,LINK,distance,,diegomoussallem,,,,,
95,144,Distillery,LINK,equivClass,,Q1251750,LINK,distillery,,diegomoussallem,,,,,
96,145,Drug,LINK,equivClass,,Q8386,LINK,drug,,diegomoussallem,,,,,
97,146,Duration,LINK,equivClass,,Q2199864,LINK,duration,,diegomoussallem,,,,,
98,151,EducationalOrganization,LINK,equivClass,,Q5341295,LINK,educational organization,,diegomoussallem,,,,,
99,152,Electrician,LINK,equivClass,,Q165029,LINK,electrician,,,diegomoussallem,ppkrauss,schema considers it as an organisation.. But check similar Physician discussions at https://github.com/schemaorg/schemaorg/issues/280#issuecomment-252522816,discuss,
100,153,ElementarySchool,LINK,equivClass,,Q20950067,LINK,elementary school,,diegomoussallem,,,,,
101,154,Embassy,LINK,equivClass,,Q3917681,LINK,embassy,,diegomoussallem,,,,,
102,155,Emergency,LINK,equivClass,,Q5070802,LINK,emergency,,,diegomoussallem; ppkrauss,,different things. And not is a schema-core item.,,
103,156,EmergencyService,LINK,equivClass,yes,Q814610,LINK,emergency service,,diegomoussallem; ppkrauss,,,,,
104,158,EmploymentAgency,LINK,equivClass,,Q261362,LINK,employment agency,,diegomoussallem,,,,,
105,160,Energy,LINK,equivClass,,Q11379,LINK,energy,,diegomoussallem,,,,,
106,161,Episode,LINK,equivClass,,Q1983062,LINK,episode,,diegomoussallem,,,,,
107,162,EPRelease,LINK,equivClass,,Q169930,LINK,extended play,,,,diegomoussallem,No clue of Schema property,,
108,164,Event,LINK,equivClass,,Q1656682,LINK,event,,diegomoussallem,,,,,
109,166,EventVenue,LINK,equivClass,,Q18674739,LINK,event venue,,diegomoussallem,,,,,
110,170,Festival,LINK,equivClass,,Q132241,LINK,festival,,diegomoussallem,,,,,
111,173,FinancialProduct,LINK,equivClass,,Q15809678,LINK,financial product,,diegomoussallem,,,,,
112,174,FinancialService,LINK,equivClass,,Q837171,LINK,Financial services,,diegomoussallem,,,,,
113,175,FireStation,LINK,equivClass,,Q1195942,LINK,fire station,,diegomoussallem,,,,,
114,177,Float,LINK,equivClass,,Q117879,LINK,floating point number,,diegomoussallem,,,,,
115,178,Florist,LINK,equivClass,,Q16735601,LINK,florist,,,diegomoussallem,,WD is a person and Schema is an organisation,,
116,184,Game,LINK,equivClass,,Q11410,LINK,game,,diegomoussallem,,,,,
117,186,GameServer,LINK,equivClass,,Q1315933,LINK,game server,,diegomoussallem,,,,,
118,187,GasStation,LINK,equivClass,,Q205495,LINK,gas station,,diegomoussallem,,,,,
119,188,GatedResidenceCommunity,LINK,equivClass,,Q75848,LINK,gated community,,diegomoussallem,,,,,
120,190,GeneralContractor,LINK,equivClass,,Q289612,LINK,general contractor,,diegomoussallem,,,,,
121,194,Geriatric,LINK,equivClass,,Q10384,LINK,geriatrics,,,diegomoussallem,,WD refers to a person,,
122,196,GolfCourse,LINK,equivClass,,Q1048525,LINK,golf course,,diegomoussallem,,,,,
123,197,GovernmentBuilding,LINK,equivClass,,Q16831714,LINK,government building,,diegomoussallem,,,,,
124,198,GovernmentOrganization,LINK,equivClass,,Q2659904,LINK,government organization,,diegomoussallem,,,,,
125,199,Gynecologic,LINK,equivClass,,Q1221899,LINK,gynaecology,,diegomoussallem,,,,,
126,200,HairSalon,LINK,equivClass,,Q3062512,LINK,haircutting establishment,,diegomoussallem,,,,,
127,203,HealthClub,LINK,equivClass,,Q1065656,LINK,health club,,diegomoussallem,,,,,
128,205,HighSchool,LINK,equivClass,,Q9826,LINK,high school,,diegomoussallem,,,,,
129,206,HinduTemple,LINK,equivClass,,Q842402,LINK,Hindu temple,,diegomoussallem,,,,,
130,209,Hospital,LINK,equivClass,,Q16917,LINK,hospital,,diegomoussallem,,,,,
131,210,Hostel,LINK,equivClass,,Q654772,LINK,hostel,,diegomoussallem,,,,,
132,211,Hotel,LINK,equivClass,,Q27686,LINK,hotel,,diegomoussallem,,,,,
133,212,HotelRoom,LINK,equivClass,,Q23541360,LINK,hotel room,,diegomoussallem,,,,,
134,213,House,LINK,equivClass,,Q3947,LINK,house,,diegomoussallem,,,,,
135,215,HousePainter,LINK,equivClass,,Q288728,LINK,house painter,,,diegomoussallem,,WD refers to persons,,
136,218,IceCreamShop,LINK,equivClass,,Q1311064,LINK,ice cream parlor,,diegomoussallem,,,,,
139,223,InfectiousDisease,LINK,equivClass,,Q18123741,LINK,infectious disease,,diegomoussallem,,,,,
140,227,InsuranceAgency,LINK,equivClass,,Q27038992,LINK,insurance agency,,diegomoussallem,,,,,
143,230,Invoice,LINK,equivClass,,Q190581,LINK,invoice,,diegomoussallem,,,,,
144,238,Joint,LINK,equivClass,,Q9644,LINK,joint,,diegomoussallem,,,,,
145,239,LakeBodyOfWater,LINK,equivClass,,Q23397,LINK,lake,,diegomoussallem,,,,,
146,240,Landform,LINK,equivClass,,Q271669,LINK,landform,,diegomoussallem,,,,,
147,241,LandmarksOrHistoricalBuildings,LINK,equivClass,,Q2319498,LINK,landmark,,diegomoussallem,,,,,
148,242,Language,LINK,equivClass,,Q34770,LINK,language,,diegomoussallem,,,,,
149,244,LegalService,LINK,equivClass,,Q1494322,LINK,legal services,,diegomoussallem,,,,,
150,246,Library,LINK,equivClass,,Q7075,LINK,library,,diegomoussallem,,,,,
151,249,Ligament,LINK,equivClass,,Q39888,LINK,ligament,,diegomoussallem,,,,,
152,250,LiquorStore,LINK,equivClass,,Q2632011,LINK,liquor store,,diegomoussallem,,,,,
153,253,Locksmith,LINK,equivClass,,Q3479990,LINK,locksmith,,,diegomoussallem,,WD refers to persons,,
154,257,LymphaticVessel,LINK,equivClass,,Q11238641,LINK,lymphatic vessel,,diegomoussallem,,,,,
155,258,Map,LINK,equivClass,,Q4006,LINK,map,,diegomoussallem,,,,,
156,259,Mass,LINK,equivClass,,Q11423,LINK,mass,,diegomoussallem,,,,,
157,260,MedicalClinic,LINK,equivClass,,Q1774898,LINK,clinic,,diegomoussallem,,,,,
158,261,MedicalCode,LINK,equivClass,,Q27165776,LINK,medical code,,diegomoussallem,,,,,
159,262,MedicalDevice,LINK,equivClass,,Q6554101,LINK,medical device,,diegomoussallem,,,,,
160,263,MedicalGuideline,LINK,equivClass,,Q878041,LINK,Medical guideline,,diegomoussallem,,,,,
161,264,MedicalOrganization,LINK,equivClass,,Q4287745,LINK,medical organization,,diegomoussallem,,,,,
162,265,MedicalProcedure,LINK,equivClass,,Q796194,LINK,medical procedure,,diegomoussallem,,,,,
163,266,MedicalSign,LINK,equivClass,,Q1441305,LINK,medical sign,,diegomoussallem,,,,,
164,267,MedicalSpecialty,LINK,equivClass,,Q930752,LINK,medical specialty,,diegomoussallem,,,,,
165,268,MedicalStudy,LINK,equivClass,,Q27166169,LINK,medical study,,,,diegomoussallem,no description in WD,,
166,269,MedicalSymptom,LINK,equivClass,,Q169872,LINK,symptom,,diegomoussallem,,,,,
167,270,MedicalTest,LINK,equivClass,,Q2671652,LINK,medical test,,diegomoussallem,,,,,
168,271,MedicalTrial,LINK,equivClass,,Q27166192,LINK,medical trial,,,,diegomoussallem,no description in WD,,
169,272,MeetingRoom,LINK,equivClass,,Q3469909,LINK,conference room,,diegomoussallem,,,,,
170,275,Menu,LINK,equivClass,,Q658274,LINK,menu,,diegomoussallem,,,,,
171,277,Message,LINK,equivClass,,Q628523,LINK,message,,diegomoussallem,,,,,
172,278,MiddleSchool,LINK,equivClass,,Q149566,LINK,middle school,,diegomoussallem,,,,,
173,279,Midwifery,LINK,equivClass,,Q20862341,LINK,midwifery,,diegomoussallem,,,,,
174,280,MobileApplication,LINK,equivClass,,Q620615,LINK,mobile app,,diegomoussallem,,,,,
175,281,Mosque,LINK,equivClass,,Q32815,LINK,mosque,,diegomoussallem,,,,,
176,282,Motel,LINK,equivClass,,Q216212,LINK,motel,,,diegomoussallem,,WD is a moto hotel,,
177,283,Motorcycle,LINK,equivClass,,Q34493,LINK,motorcycle,,diegomoussallem,,,,,
178,284,Mountain,LINK,equivClass,,Q8502,LINK,mountain,,diegomoussallem,,,,,
179,285,Movie,LINK,equivClass,,Q11424,LINK,film,,diegomoussallem,,,,,
180,286,MovieTheater,LINK,equivClass,,Q41253,LINK,movie theater,,diegomoussallem,,,,,
181,287,MovingCompany,LINK,equivClass,,Q1757263,LINK,moving company,,diegomoussallem,,,,,
182,288,Muscle,LINK,equivClass,,Q7365,LINK,muscle,,diegomoussallem,,,,,
183,289,Museum,LINK,equivClass,,Q33506,LINK,museum,,diegomoussallem,,,,,
184,290,MusicAlbum,LINK,equivClass,,Q482994,LINK,album,,diegomoussallem,,,,,
185,292,MusicComposition,LINK,equivClass,,Q207628,LINK,musical composition,,diegomoussallem,,,,,
186,293,MusicGroup,LINK,equivClass,,Q215380,LINK,band,,diegomoussallem,,,,,
187,294,MusicPlaylist,LINK,equivClass,,Q1569406,LINK,playlist,,diegomoussallem,,,,,
188,295,MusicRelease,LINK,equivClass,,Q2031291,LINK,release,,diegomoussallem,,,,,
189,296,MusicVenue,LINK,equivClass,,Q8719053,LINK,music venue,,diegomoussallem,,,,,
190,297,NailSalon,LINK,equivClass,,Q8007048,LINK,Nail salon,,diegomoussallem,,,,,
191,302,Nerve,LINK,equivClass,,Q9620,LINK,nerve,,diegomoussallem,,,,,
192,303,NewsArticle,LINK,equivClass,,Q5707594,LINK,news article,,diegomoussallem,,,,,
193,304,Newspaper,LINK,equivClass,,Q11032,LINK,newspaper,,diegomoussallem,,,,,
194,305,NGO,LINK,equivClass,,Q79913,LINK,non-governmental organization,,diegomoussallem,,,,,
195,306,NightClub,LINK,equivClass,,Q622425,LINK,nightclub,,diegomoussallem,,,,,
196,307,Notary,LINK,equivClass,,Q189010,LINK,notary,,,diegomoussallem,,Schema considers only persons,,
197,308,Number,LINK,equivClass,,Q11563,LINK,number,,diegomoussallem,,,,,
198,313,Nursing,LINK,equivClass,,Q121176,LINK,nursing,,diegomoussallem,,,,,
199,314,NutritionInformation,LINK,equivClass,,Q2006410,LINK,nutrition information,,diegomoussallem,,,,,
200,316,Obstetric,LINK,equivClass,,Q5284418,LINK,obstetrics,,diegomoussallem,,,,,
201,317,OccupationalTherapy,LINK,equivClass,,Q380141,LINK,occupational therapy,,diegomoussallem,,,,,
202,318,OceanBodyOfWater,LINK,equivClass,,Q9430,LINK,ocean,,diegomoussallem,,,,,
203,319,Oncologic,LINK,equivClass,,Q162555,LINK,oncology,,diegomoussallem,,,,,
204,321,Optician,LINK,equivClass,,Q1996635,LINK,optician,,diegomoussallem,,,,,
205,322,Optometric,LINK,equivClass,,Q618211,LINK,optometry,,diegomoussallem,,,,,
206,323,Organization,LINK,equivClass,,Q43229,LINK,organization,,diegomoussallem,,,,,
207,324,OutletStore,LINK,equivClass,,Q76470,LINK,outlet store,,diegomoussallem,,,,,
208,327,Painting,LINK,equivClass,,Q3305213,LINK,painting,,diegomoussallem,,,,,
209,328,PalliativeProcedure,LINK,equivClass,,Q27165812,LINK,palliative procedure,,diegomoussallem,,,,,
210,332,Park,LINK,equivClass,,Q22698,LINK,park,,diegomoussallem,,,,,
211,333,ParkingFacility,LINK,equivClass,,Q55697304,LINK,parking facility,,diegomoussallem,,,,,
212,336,Patient,LINK,equivClass,,Q181600,LINK,patient,,diegomoussallem,,,,,
214,338,PaymentCard,LINK,equivClass,,Q1436963,LINK,payment card,,,diegomoussallem,,WD refers to a device,,
215,339,PaymentMethod,LINK,equivClass,,Q1912682,LINK,payment method,,diegomoussallem,,,,,
216,340,PerformingArtsTheater,LINK,equivClass,,Q24354,LINK,theater,,diegomoussallem,,,,,
217,341,Periodical,LINK,equivClass,,Q41298,LINK,magazine,,diegomoussallem,,,,,
218,342,Permit,LINK,equivClass,,Q79719,LINK,license,,diegomoussallem,,,,,
221,345,PetStore,LINK,equivClass,,Q220142,LINK,pet store,,diegomoussallem,,,,,
222,346,Pharmacy,LINK,equivClass,,Q13107184,LINK,community pharmacy,,,diegomoussallem,,WD should be a subproperty,,
223,347,Photograph,LINK,equivClass,,Q125191,LINK,photograph,,diegomoussallem,,,,,
224,348,PhysicalExam,LINK,equivClass,,Q835153,LINK,medical examination,,diegomoussallem,,,,,
225,349,PhysicalTherapy,LINK,equivClass,,Q186005,LINK,physiotherapy,,diegomoussallem,,,,,
226,350,Physician,LINK,equivClass,,Q39631,LINK,physician,,,diegomoussallem,,WD refers to person while Schema to organizations,,
227,352,Physiotherapy,LINK,equivClass,,Q186005,LINK,physiotherapy,,diegomoussallem,,,,,
228,353,Place,LINK,equivClass,,Q2221906,LINK,geographical point,,diegomoussallem,,,,,
229,354,PlaceOfWorship,LINK,equivClass,,Q1370598,LINK,place of worship,,diegomoussallem,,,,,
230,355,PlasticSurgery,LINK,equivClass,,Q182442,LINK,plastic surgery,,diegomoussallem,,,,,
231,356,Playground,LINK,equivClass,,Q13607440,LINK,playground,,diegomoussallem,,,,,
232,357,Plumber,LINK,equivClass,,Q252924,LINK,plumber,,,diegomoussallem,,WD refers to a profession while Schema place or organisation,,
233,358,Podiatric,LINK,equivClass,,Q18011356,LINK,podiatry,,diegomoussallem,,,,,
234,359,PoliceStation,LINK,equivClass,,Q861951,LINK,police station,,diegomoussallem,,,,,
235,360,Pond,LINK,equivClass,,Q3253281,LINK,pond,,diegomoussallem,,,,,
236,362,PostalAddress,LINK,equivClass,,Q319608,LINK,address,,,diegomoussallem,,WD could be a subproperty,,
237,363,PostOffice,LINK,equivClass,,Q35054,LINK,post office,,diegomoussallem,,,,,
238,364,Preschool,LINK,equivClass,,Q1076052,LINK,preschool,,diegomoussallem,,,,,
239,365,PrimaryCare,LINK,equivClass,,Q3259956,LINK,primary care,,diegomoussallem,,,,,
240,367,Product,LINK,equivClass,,Q2424752,LINK,product,,diegomoussallem,,,,,
241,368,ProductModel,LINK,equivClass,,Q10929058,LINK,model,,,diegomoussallem,,it is not equivalent,,
242,369,ProfessionalService,LINK,equivClass,,Q2029911,LINK,professional services,,diegomoussallem,,,,,
243,372,Psychiatric,LINK,equivClass,,Q7867,LINK,psychiatry,,sandroacoelho,,,,,
244,373,PsychologicalTreatment,LINK,equivClass,,Q27166103,LINK,psychological treatment,,sandroacoelho,,,,,
245,374,PublicationVolume,LINK,equivClass,,Q19816504,LINK,volume,,sandroacoelho,,,,,
246,375,PublicHealth,LINK,equivClass,,Q189603,LINK,public health,,sandroacoelho,,,,,
247,376,PublicSwimmingPool,LINK,equivClass,,Q27106886,LINK,public swimming pool,,sandroacoelho,,,,,
248,377,PublicToilet,LINK,equivClass,,Q813966,LINK,public toilet,,sandroacoelho,,,,,
249,379,Quantity,LINK,equivClass,,Q614112,LINK,value,,sandroacoelho,,,,,
250,380,Question,LINK,equivClass,,Q189756,LINK,question,,sandroacoelho,,,,,
251,382,Quotation,LINK,equivClass,,Q206287,LINK,quotation,,sandroacoelho,,,,,
252,383,RadiationTherapy,LINK,equivClass,,Q180507,LINK,radiation therapy,,sandroacoelho,,,,,
253,384,RadioSeries,LINK,equivClass,,Q14623351,LINK,radio series,,sandroacoelho,,,,,
254,385,RadioStation,LINK,equivClass,,Q14350,LINK,radio station,,sandroacoelho,,,,,
255,386,RealEstateAgent,LINK,equivClass,,Q519076,LINK,real estate broker,,,sandroacoelho,,,,
256,387,Recipe,LINK,equivClass,,Q219239,LINK,recipe,,sandroacoelho,,,,,
257,390,RecyclingCenter,LINK,equivClass,,Q27106436,LINK,recycling center,,sandroacoelho,,,,,
258,391,Report,LINK,equivClass,,Q10870555,LINK,report,,sandroacoelho,,,,,
259,392,Residence,LINK,equivClass,,Q699405,LINK,residence,,sandroacoelho,,,,,
260,393,Resort,LINK,equivClass,,Q875157,LINK,resort,,sandroacoelho,,,,,
261,394,RespiratoryTherapy,LINK,equivClass,,Q19776279,LINK,respiratory therapy,,sandroacoelho,,,,,
262,395,Restaurant,LINK,equivClass,,Q11707,LINK,restaurant,,sandroacoelho,,,,,
263,397,Review,LINK,equivClass,,Q265158,LINK,review,,sandroacoelho,,,,,
264,400,RiverBodyOfWater,LINK,equivClass,,Q4022,LINK,river,,sandroacoelho,,,,,
267,404,RoofingContractor,LINK,equivClass,,Q27057193,LINK,Roofing contractor,,sandroacoelho,,,,,
268,405,Room,LINK,equivClass,,Q180516,LINK,room,,sandroacoelho,,,,,
269,406,RVPark,LINK,equivClass,,Q1424620,LINK,RV park,,sandroacoelho,,,,,
270,409,ScholarlyArticle,LINK,equivClass,,Q13442814,LINK,scientific article,,,sandroacoelho,,,,
271,411,School,LINK,equivClass,,Q3914,LINK,school,,sandroacoelho,,,,,
272,413,Sculpture,LINK,equivClass,,Q860861,LINK,sculpture,,,,sandroacoelho,,,
273,414,SeaBodyOfWater,LINK,equivClass,,Q165,LINK,sea,,sandroacoelho,,,,,
275,420,SelfStorage,LINK,equivClass,,Q401404,LINK,Self storage,,sandroacoelho,,,,,
276,421,Series,LINK,equivClass,,Q20937557,LINK,series,,,sandroacoelho,,,,
277,422,Service,LINK,equivClass,,Q7406919,LINK,service,,sandroacoelho,,,,,
278,423,ShoeStore,LINK,equivClass,,Q7500021,LINK,Shoe store,,sandroacoelho,,,,,
279,424,ShoppingCenter,LINK,equivClass,,Q11315,LINK,shopping mall,,sandroacoelho,,,,,
280,425,SingleRelease,LINK,equivClass,,Q134556,LINK,single,,,sandroacoelho,,,,
281,426,SkiResort,LINK,equivClass,,Q130003,LINK,ski resort,,sandroacoelho,,,,,
282,427,SoftwareApplication,LINK,equivClass,,Q166142,LINK,application,,sandroacoelho,,,,,
283,428,SoftwareSourceCode,LINK,equivClass,,Q128751,LINK,source code,,sandroacoelho,,,,,
284,434,SportsOrganization,LINK,equivClass,,Q4438121,LINK,sports organization,,sandroacoelho,,,,,
285,435,SportsTeam,LINK,equivClass,,Q12973014,LINK,sports team,,sandroacoelho,,,,,
286,437,StadiumOrArena,LINK,equivClass,,Q483110,LINK,stadium,,sandroacoelho,,,,,
287,441,State,LINK,equivClass,,Q107390,LINK,federated state,,sandroacoelho,,,,,
288,442,Store,LINK,equivClass,,Q213441,LINK,shop,,sandroacoelho,,,,,
289,444,Substance,LINK,equivClass,,Q27166344,LINK,substance,,sandroacoelho,,,,,
290,445,SubwayStation,LINK,equivClass,,Q928830,LINK,metro station,,sandroacoelho,,,,,
291,446,Suite,LINK,equivClass,,Q1367530,LINK,Suite,,sandroacoelho,,,,,
292,447,SuperficialAnatomy,LINK,equivClass,,Q3545415,LINK,Superficial anatomy,,sandroacoelho,,,,,
293,448,SurgicalProcedure,LINK,equivClass,,Q15636229,LINK,surgical procedure,,sandroacoelho,,,,,
294,449,Synagogue,LINK,equivClass,,Q34627,LINK,synagogue,,sandroacoelho,,,,,
295,450,TattooParlor,LINK,equivClass,,Q27038997,LINK,tattoo parlor,,sandroacoelho,,,,,
296,451,TaxiStand,LINK,equivClass,,Q1395196,LINK,taxicab stand,,sandroacoelho,,,,,
297,453,TelevisionStation,LINK,equivClass,,Q1616075,LINK,television station,,sandroacoelho,,,,,
298,454,TennisComplex,LINK,equivClass,,Q13380226,LINK,tennis venue,,sandroacoelho,,,,,
299,455,Text,LINK,equivClass,,Q184754,LINK,string,,sandroacoelho,,,,,
300,456,TextDigitalDocument,LINK,equivClass,,Q86920,LINK,text file,,sandroacoelho,,,,,
301,457,TheaterGroup,LINK,equivClass,,Q2416217,LINK,theatre troupe,,sandroacoelho,,,,,
302,458,Thesis,LINK,equivClass,,Q1266946,LINK,thesis,,sandroacoelho,,,,,
305,462,Time,LINK,equivClass,,Q186885,LINK,timestamp,,sandroacoelho,,,,,
306,463,TouristAttraction,LINK,equivClass,,Q570116,LINK,tourist attraction,,sandroacoelho,,,,,
307,464,TouristInformationCenter,LINK,equivClass,,Q1587716,LINK,visitor center,,sandroacoelho,,,,,
308,465,ToyStore,LINK,equivClass,,Q1318959,LINK,Toy store,,sandroacoelho,,,,,
309,466,TrainStation,LINK,equivClass,,Q55488,LINK,train station,,sandroacoelho,,,,,
310,469,TravelAgency,LINK,equivClass,,Q217107,LINK,travel agency,,sandroacoelho,,,,,
311,470,TVEpisode,LINK,equivClass,,Q21191270,LINK,TV series episode,,sandroacoelho,,,,,
313,472,TVSeries,LINK,equivClass,,Q5398426,LINK,television series,,sandroacoelho,,,,,
314,473,URL,LINK,equivClass,,Q42253,LINK,Uniform Resource Locator,,sandroacoelho,,,,,
317,480,Vein,LINK,equivClass,,Q9609,LINK,vein,,sandroacoelho,,,,,
318,481,Vessel,LINK,equivClass,,Q382386,LINK,vessel,,sandroacoelho,,,,,
319,482,VeterinaryCare,LINK,equivClass,,Q170201,LINK,veterinary medicine,,,sandroacoelho,,schema.org defines as a vet's office (place) when wikidata defines the professional service,,
320,484,VideoGame,LINK,equivClass,,Q7889,LINK,video game,,sandroacoelho,,,,,
321,485,VideoGameSeries,LINK,equivClass,,Q7058673,LINK,video game series,,sandroacoelho,,,,,
322,486,VideoObject,LINK,equivClass,,Q34508,LINK,video,,,sandroacoelho,,schema.org defines as a video file when wikidata defines as a electronic medium for the recording,,
323,487,VisualArtwork,LINK,equivClass,,Q4502142,LINK,visual artwork,,sandroacoelho,,,,,
324,488,VitalSign,LINK,equivClass,,Q1067560,LINK,vital signs,,sandroacoelho,,,,,
325,489,Volcano,LINK,equivClass,,Q8072,LINK,volcano,,sandroacoelho,,,,,
326,491,Waterfall,LINK,equivClass,,Q34038,LINK,waterfall,,sandroacoelho,,,,,
327,492,WebApplication,LINK,equivClass,,Q189210,LINK,web application,,sandroacoelho,,,,,
328,493,WebPage,LINK,equivClass,,Q36774,LINK,web page,,sandroacoelho,,,,,
329,494,WebSite,LINK,equivClass,,Q35127,LINK,website,,sandroacoelho,,,,,
330,496,WinAction,LINK,equivClass,,Q50000,LINK,victory,,ppkrauss,,sandroacoelho,schema.org defines victory in a competition while the definition in Wikidata is wide open... But military victory is valid for both.,,
331,497,Winery,LINK,equivClass,,Q156362,LINK,winery,,sandroacoelho,,,,,
332,499,WorkersUnion,LINK,equivClass,,Q178790,LINK,trade union,,sandroacoelho,,,This definition is pending in Schema.org side,,
333,501,Zoo,LINK,equivClass,,Q43501,LINK,zoo,,sandroacoelho,,,,,
334,502,FALSE,LINK,equivClass,,Q5432619,LINK,FALSE,,,sandroacoelho,,out of scope,,
335,503,TRUE,LINK,equivClass,,Q16751793,LINK,TRUE,,,sandroacoelho,,out of scope,,
